2/8/2022 12:07:28 PM,START,STOP,START,STOP,STOP,241.1,99,53.1,100
2/8/2022 12:07:33 PM,START,STOP,START,STOP,STOP,241.3,99,53.3,100
2/8/2022 12:07:38 PM,START,STOP,START,STOP,STOP,240.7,99,52.8,100
2/8/2022 12:07:43 PM,START,STOP,START,STOP,STOP,239.9,99,52.8,100
2/8/2022 12:07:48 PM,START,STOP,START,STOP,STOP,239.9,99,53.3,100
2/8/2022 12:07:53 PM,START,STOP,START,STOP,STOP,240.2,99,53.3,100
2/8/2022 12:07:58 PM,START,STOP,START,STOP,STOP,240,99,53.4,100
2/8/2022 12:08:03 PM,START,STOP,START,STOP,STOP,240.6,99,53.3,100
2/8/2022 12:08:08 PM,START,STOP,START,STOP,STOP,240.2,900,53.5,100
2/8/2022 12:08:13 PM,START,STOP,START,STOP,STOP,240.6,900,52.8,100
2/8/2022 12:08:18 PM,START,STOP,START,STOP,STOP,240.6,900,53.5,100
2/8/2022 12:08:23 PM,START,STOP,START,STOP,STOP,240.2,900,53,100
2/8/2022 12:08:28 PM,START,STOP,START,STOP,STOP,241.1,900,62.2,100
2/8/2022 12:08:33 PM,START,STOP,START,STOP,STOP,241,900,53.3,100
2/8/2022 12:08:38 PM,START,STOP,START,STOP,STOP,241,900,53.1,100
2/8/2022 12:08:43 PM,START,STOP,START,STOP,STOP,241,900,53.2,100
2/8/2022 12:08:48 PM,START,STOP,START,STOP,STOP,241.5,900,52.6,100
2/8/2022 12:08:53 PM,START,STOP,START,STOP,STOP,241.4,900,53.3,100
2/8/2022 12:08:58 PM,START,STOP,START,STOP,STOP,241.7,900,53.6,100
2/8/2022 12:45:54 PM,START,STOP,START,STOP,STOP,240.9,900,56.6,100
2/8/2022 12:45:59 PM,START,STOP,START,STOP,STOP,241.1,900,56.6,100
2/8/2022 12:46:04 PM,START,STOP,START,STOP,STOP,241.1,900,56.8,100
2/8/2022 12:47:01 PM,START,STOP,START,STOP,STOP,241.8,900,57.3,100
2/8/2022 12:47:04 PM,START,STOP,START,STOP,STOP,241.4,900,57,100
2/8/2022 12:47:09 PM,START,STOP,START,STOP,STOP,241.6,900,57.1,100
2/8/2022 12:47:14 PM,START,STOP,START,STOP,STOP,241.6,900,57.1,100
2/8/2022 12:47:19 PM,START,STOP,START,STOP,STOP,241.6,900,57.1,100
2/8/2022 12:47:24 PM,START,STOP,START,STOP,STOP,241.6,900,57.1,100
2/8/2022 12:47:29 PM,START,STOP,START,STOP,STOP,241.6,900,57.1,100
2/8/2022 12:47:34 PM,START,STOP,START,STOP,STOP,241.6,900,57.1,100
2/8/2022 12:47:39 PM,START,STOP,START,STOP,STOP,241.6,900,57.1,100
2/8/2022 12:47:44 PM,START,STOP,START,STOP,STOP,241.6,900,57.1,100
2/8/2022 12:49:07 PM,START,STOP,START,STOP,STOP,241.6,900,57.1,100
2/8/2022 12:49:09 PM,START,STOP,START,STOP,STOP,241.6,900,57.1,100
2/8/2022 12:49:14 PM,START,STOP,START,STOP,STOP,241.6,900,57.1,100
2/8/2022 12:49:19 PM,START,STOP,START,STOP,STOP,241.6,900,57.1,100
2/8/2022 12:49:24 PM,START,STOP,START,STOP,STOP,241.6,900,57.1,100
2/8/2022 12:49:29 PM,START,STOP,START,STOP,STOP,241.6,900,57.1,100
2/8/2022 12:49:34 PM,START,STOP,START,STOP,STOP,241.6,900,57.1,100
2/8/2022 12:50:13 PM,START,STOP,START,STOP,STOP,241.6,900,57.1,100
2/8/2022 12:50:14 PM,START,STOP,START,STOP,STOP,241.6,900,57.1,100
2/8/2022 12:50:45 PM,START,STOP,START,STOP,STOP,240.5,900,67,100
2/8/2022 12:50:49 PM,START,STOP,START,STOP,STOP,240.8,900,67,100
2/8/2022 12:50:54 PM,START,STOP,START,STOP,STOP,241.5,900,67.3,100
2/8/2022 12:50:59 PM,START,STOP,START,STOP,STOP,241.1,900,67.2,100
2/8/2022 12:51:04 PM,START,STOP,START,STOP,STOP,241.1,900,67.2,100
2/8/2022 12:51:24 PM,START,STOP,START,STOP,STOP,241.1,900,67.2,100
2/8/2022 12:51:29 PM,START,STOP,START,STOP,STOP,240.9,900,67.6,100
2/8/2022 12:51:34 PM,START,STOP,START,STOP,STOP,240.9,900,67.4,100
2/8/2022 12:51:39 PM,START,STOP,START,STOP,STOP,241.4,900,67.1,100
2/8/2022 12:51:44 PM,START,STOP,START,STOP,STOP,241.4,900,66.9,100
2/8/2022 12:51:49 PM,START,STOP,START,STOP,STOP,241.5,900,67.4,100
2/8/2022 12:51:54 PM,START,STOP,START,STOP,STOP,241.7,900,67.4,100
2/8/2022 12:51:59 PM,START,STOP,START,STOP,STOP,242.3,900,67.4,100
2/8/2022 12:52:04 PM,START,STOP,START,STOP,STOP,242.1,900,67.9,100
2/8/2022 12:52:09 PM,START,STOP,START,STOP,STOP,241.3,900,67.2,100
2/8/2022 12:52:14 PM,START,STOP,START,STOP,STOP,241.8,900,67.3,100
2/8/2022 12:52:19 PM,START,STOP,START,STOP,STOP,241.4,900,67,100
2/8/2022 12:52:24 PM,START,STOP,START,STOP,STOP,240.7,900,67,100
2/8/2022 12:52:29 PM,START,STOP,START,STOP,STOP,241.1,900,67.2,100
2/8/2022 12:52:34 PM,START,STOP,START,STOP,STOP,240.9,900,66.6,100
2/8/2022 12:52:39 PM,START,STOP,START,STOP,STOP,241.2,900,67.1,100
2/8/2022 12:52:44 PM,START,STOP,START,STOP,STOP,241.5,900,66.8,100
2/8/2022 12:52:49 PM,START,STOP,START,STOP,STOP,241.7,900,67.4,100
2/8/2022 12:52:54 PM,START,STOP,START,STOP,STOP,241.4,900,65,100
2/8/2022 12:52:59 PM,START,STOP,START,STOP,STOP,241.5,900,64.5,100
2/8/2022 12:53:04 PM,START,STOP,START,STOP,STOP,241.8,900,64.6,100
2/8/2022 12:53:09 PM,START,STOP,START,STOP,STOP,241.5,900,64.7,100
2/8/2022 12:53:14 PM,START,STOP,START,STOP,STOP,241.7,900,64.9,100
2/8/2022 12:53:19 PM,START,STOP,START,STOP,STOP,241.4,900,64.5,100
2/8/2022 12:53:24 PM,START,STOP,START,STOP,STOP,240.7,900,64.6,100
2/8/2022 12:53:29 PM,START,STOP,START,STOP,STOP,241.3,900,64.4,100
2/8/2022 12:53:34 PM,START,STOP,START,STOP,STOP,241.1,900,64.9,100
2/8/2022 12:54:17 PM,START,STOP,START,STOP,STOP,240.1,900,63.1,100
2/8/2022 12:54:22 PM,START,STOP,START,STOP,STOP,240,900,63.5,100
2/8/2022 12:54:27 PM,START,STOP,START,STOP,STOP,240.3,900,63.4,100
2/8/2022 12:54:32 PM,START,STOP,START,STOP,STOP,240,900,62.3,100
2/8/2022 12:54:37 PM,START,STOP,START,STOP,STOP,240.2,900,62.3,100
2/8/2022 12:54:53 PM,START,STOP,START,STOP,STOP,240.8,900,63.1,100
2/8/2022 12:54:58 PM,START,STOP,START,STOP,STOP,241.4,900,62.6,100
2/8/2022 12:55:03 PM,START,STOP,START,STOP,STOP,241.1,900,63,100
2/8/2022 12:55:08 PM,START,STOP,START,STOP,STOP,241.6,900,63.5,100
2/8/2022 12:55:13 PM,START,STOP,START,STOP,STOP,241.5,900,62.6,100
2/8/2022 12:55:18 PM,START,STOP,START,STOP,STOP,241.6,900,63.1,100
2/8/2022 12:55:23 PM,START,STOP,START,STOP,STOP,242.2,900,61.7,100
2/8/2022 12:55:28 PM,START,STOP,START,STOP,STOP,242.1,900,60.9,100
2/8/2022 12:55:33 PM,START,STOP,START,STOP,STOP,241.3,900,63.6,100
2/8/2022 12:55:38 PM,START,STOP,START,STOP,STOP,241.7,900,63.7,100
2/8/2022 12:55:43 PM,START,STOP,START,STOP,STOP,241.5,900,63.8,100
2/8/2022 1:07:01 PM,START,STOP,START,STOP,STOP,240.9,900,70.7,100
2/8/2022 1:07:06 PM,START,STOP,START,STOP,STOP,240.3,900,70.9,100
2/8/2022 1:07:11 PM,START,STOP,START,STOP,STOP,240.5,900,70.9,100
2/8/2022 1:07:16 PM,START,STOP,START,STOP,STOP,240.5,900,70.4,100
2/8/2022 1:07:21 PM,START,STOP,START,STOP,STOP,240.7,900,70.9,100
2/8/2022 1:07:26 PM,START,STOP,START,STOP,STOP,241.1,900,70.7,100
2/8/2022 1:07:31 PM,START,STOP,START,STOP,STOP,240.5,900,70.7,100
2/8/2022 1:07:36 PM,START,STOP,START,STOP,STOP,240.7,900,70.8,100
2/8/2022 1:07:41 PM,START,STOP,START,STOP,STOP,241.1,900,70.6,100
2/8/2022 1:07:46 PM,START,STOP,START,STOP,STOP,241.2,900,70.7,100
2/8/2022 1:07:51 PM,START,STOP,START,STOP,STOP,241.4,900,71.1,100
2/8/2022 1:07:56 PM,START,STOP,START,STOP,STOP,241.2,900,71.3,100
2/8/2022 1:08:01 PM,START,STOP,START,STOP,STOP,241.8,900,71.2,100
2/8/2022 1:08:06 PM,START,STOP,START,STOP,STOP,241.6,900,70.7,100
2/8/2022 1:08:11 PM,START,STOP,START,STOP,STOP,241.8,900,71,100
2/8/2022 1:08:16 PM,START,STOP,START,STOP,STOP,241.6,900,71.2,100
2/8/2022 1:08:21 PM,START,STOP,START,STOP,STOP,241,900,70.9,100
2/8/2022 1:08:26 PM,START,STOP,START,STOP,STOP,241.1,900,71.1,100
2/8/2022 1:08:31 PM,START,STOP,START,STOP,STOP,241.2,900,70.9,100
2/8/2022 1:08:36 PM,START,STOP,START,STOP,STOP,240.9,900,70.6,100
2/8/2022 1:08:41 PM,START,STOP,START,STOP,STOP,240.4,900,70.7,100
2/8/2022 1:08:46 PM,START,STOP,START,STOP,STOP,240.8,900,70.3,100
2/8/2022 1:08:51 PM,START,STOP,START,STOP,STOP,240.7,900,70.5,100
2/8/2022 1:08:56 PM,START,STOP,START,STOP,STOP,240.9,900,70.5,100
2/8/2022 1:09:01 PM,START,STOP,START,STOP,STOP,240.4,900,70.5,100
2/8/2022 1:09:06 PM,START,STOP,START,STOP,STOP,240.6,900,70.9,100
2/8/2022 1:09:11 PM,START,STOP,START,STOP,STOP,240.9,900,70.6,100
2/8/2022 1:09:38 PM,START,STOP,START,STOP,STOP,241.8,900,70.7,100
2/8/2022 1:09:41 PM,START,STOP,START,STOP,STOP,242,900,70.8,100
2/8/2022 1:09:46 PM,START,STOP,START,STOP,STOP,241.7,900,70.7,100
2/8/2022 1:09:51 PM,START,STOP,START,STOP,STOP,241.2,900,68.1,100
2/8/2022 1:09:56 PM,START,STOP,START,STOP,STOP,241.3,900,67.8,100
2/8/2022 1:10:25 PM,START,STOP,START,STOP,STOP,241.3,900,67.8,100
2/8/2022 1:10:31 PM,START,STOP,START,STOP,STOP,240.9,900,67.8,100
2/8/2022 1:10:36 PM,START,STOP,START,STOP,STOP,241.5,900,67.7,100
2/8/2022 1:10:41 PM,START,STOP,START,STOP,STOP,241.9,900,67.6,100
2/8/2022 1:10:46 PM,START,STOP,START,STOP,STOP,242.3,900,67.7,100
2/8/2022 1:10:51 PM,START,STOP,START,STOP,STOP,241.7,900,67.5,100
2/8/2022 1:10:56 PM,START,STOP,START,STOP,STOP,242.3,900,67.9,100
2/8/2022 1:11:01 PM,START,STOP,START,STOP,STOP,242.2,900,67.9,100
2/8/2022 1:11:06 PM,START,STOP,START,STOP,STOP,242,900,70.8,100
2/8/2022 1:11:11 PM,START,STOP,START,STOP,STOP,242,900,71.1,100
2/8/2022 1:11:16 PM,START,STOP,START,STOP,STOP,242.2,900,71.2,100
2/8/2022 1:11:21 PM,START,STOP,START,STOP,STOP,241.5,900,70.5,100
2/8/2022 1:11:26 PM,START,STOP,START,STOP,STOP,241.8,900,71.2,100
2/8/2022 1:11:31 PM,START,STOP,START,STOP,STOP,241.9,900,70.6,100
2/8/2022 1:11:36 PM,START,STOP,START,STOP,STOP,241.8,900,70.6,100
2/8/2022 1:13:33 PM,START,STOP,START,STOP,STOP,242.4,900,70.7,100
2/8/2022 1:13:36 PM,START,STOP,START,STOP,STOP,242.4,900,71.3,100
2/8/2022 1:13:41 PM,START,STOP,START,STOP,STOP,242.5,900,70.7,100
2/8/2022 1:13:46 PM,START,STOP,START,STOP,STOP,241.9,900,70.9,100
2/8/2022 1:13:51 PM,START,STOP,START,STOP,STOP,242.4,900,71.1,100
2/8/2022 1:13:56 PM,START,STOP,START,STOP,STOP,242.6,900,71.3,100
2/8/2022 1:14:04 PM,START,STOP,START,STOP,STOP,242.9,900,71.2,100
2/8/2022 1:14:06 PM,START,STOP,START,STOP,STOP,242.2,900,71.1,100
2/8/2022 1:14:11 PM,START,STOP,START,STOP,STOP,242.5,900,71.2,100
2/8/2022 1:14:16 PM,START,STOP,START,STOP,STOP,242.8,900,71.1,100
2/8/2022 1:14:21 PM,START,STOP,START,STOP,STOP,243.2,900,71,100
2/8/2022 1:14:26 PM,START,STOP,START,STOP,STOP,243.3,900,71.3,100
2/8/2022 1:14:31 PM,START,STOP,START,STOP,STOP,242.7,900,71,100
2/8/2022 1:14:36 PM,START,STOP,START,STOP,STOP,242.6,900,71.2,100
2/8/2022 1:14:41 PM,START,STOP,START,STOP,STOP,242.4,900,71.3,100
2/8/2022 1:14:46 PM,START,STOP,START,STOP,STOP,242.5,900,66.5,100
2/8/2022 1:14:51 PM,START,STOP,START,STOP,STOP,242.5,900,66.1,100
2/8/2022 1:14:56 PM,START,STOP,START,STOP,STOP,241.4,900,65.7,100
2/8/2022 1:15:01 PM,START,STOP,START,STOP,STOP,241.7,900,66.2,100
2/8/2022 1:15:06 PM,START,STOP,START,STOP,STOP,241.8,900,66.4,100
2/8/2022 1:15:11 PM,START,STOP,START,STOP,STOP,241.7,900,66.1,100
2/8/2022 1:15:16 PM,START,STOP,START,STOP,STOP,241.7,900,66,100
2/8/2022 1:15:21 PM,START,STOP,START,STOP,STOP,241,900,65.7,100
2/8/2022 1:15:26 PM,START,STOP,START,STOP,STOP,241.2,900,65.9,100
2/8/2022 1:15:31 PM,START,STOP,START,STOP,STOP,241.2,900,65.6,100
2/8/2022 1:17:24 PM,START,STOP,START,STOP,STOP,240.5,900,70.9,100
2/8/2022 1:17:29 PM,START,STOP,START,STOP,STOP,240.1,900,70.9,100
2/8/2022 1:17:34 PM,START,STOP,START,STOP,STOP,240,900,70.7,100
2/8/2022 1:17:39 PM,START,STOP,START,STOP,STOP,239.7,900,70.9,100
2/8/2022 1:17:44 PM,START,STOP,START,STOP,STOP,239.3,900,70.9,100
2/8/2022 1:17:49 PM,START,STOP,START,STOP,STOP,239.7,900,70.9,100
2/8/2022 1:17:54 PM,START,STOP,START,STOP,STOP,239.3,900,70.4,100
2/8/2022 1:18:05 PM,START,STOP,START,STOP,STOP,239.5,900,70.7,100
2/8/2022 1:18:09 PM,START,STOP,START,STOP,STOP,239.6,900,66,100
2/8/2022 1:18:14 PM,START,STOP,START,STOP,STOP,239.6,900,67.3,100
2/8/2022 1:18:19 PM,START,STOP,START,STOP,STOP,239.5,900,71.2,100
2/8/2022 1:18:24 PM,START,STOP,START,STOP,STOP,239.8,900,70.5,100
2/8/2022 1:18:29 PM,START,STOP,START,STOP,STOP,239.9,900,70.6,100
2/8/2022 1:18:34 PM,START,STOP,START,STOP,STOP,240.1,900,70.8,100
2/8/2022 1:18:39 PM,START,STOP,START,STOP,STOP,240,900,70.9,100
2/8/2022 1:18:44 PM,START,STOP,START,STOP,STOP,240.3,900,70.8,100
2/8/2022 1:18:49 PM,START,STOP,START,STOP,STOP,240.1,900,70.9,100
2/8/2022 1:18:54 PM,START,STOP,START,STOP,STOP,240.5,900,70.6,100
2/8/2022 1:20:55 PM,START,STOP,START,STOP,STOP,241.4,900,70.5,100
2/8/2022 1:21:00 PM,START,STOP,START,STOP,STOP,241.8,900,70.5,100
2/8/2022 1:21:05 PM,START,STOP,START,STOP,STOP,242.3,900,71,100
2/8/2022 1:21:10 PM,START,STOP,START,STOP,STOP,242.2,900,65.9,100
2/8/2022 1:21:15 PM,START,STOP,START,STOP,STOP,242,900,66.1,100
2/8/2022 1:21:20 PM,START,STOP,START,STOP,STOP,242.1,900,65.8,100
2/8/2022 1:21:25 PM,START,STOP,START,STOP,STOP,241.7,900,66.2,100
2/8/2022 1:21:30 PM,START,STOP,START,STOP,STOP,241,900,65.7,100
2/8/2022 1:21:35 PM,START,STOP,START,STOP,STOP,241.5,900,65.7,100
2/8/2022 1:21:53 PM,START,STOP,START,STOP,STOP,241.5,900,65.8,100
2/8/2022 1:21:55 PM,START,STOP,START,STOP,STOP,242,900,65.5,100
2/8/2022 1:22:00 PM,START,STOP,START,STOP,STOP,241.5,900,70.5,100
2/8/2022 1:22:09 PM,START,STOP,START,STOP,STOP,241.5,900,70.5,100
2/8/2022 1:22:10 PM,START,STOP,START,STOP,STOP,241.6,900,71.3,100
2/8/2022 1:22:15 PM,START,STOP,START,STOP,STOP,241.2,900,70.9,100
2/8/2022 1:22:20 PM,START,STOP,START,STOP,STOP,241.8,900,71.1,100
2/8/2022 1:22:25 PM,START,STOP,START,STOP,STOP,241.2,900,71,100
2/8/2022 1:22:31 PM,START,STOP,START,STOP,STOP,241.6,900,71,100
2/8/2022 1:22:37 PM,START,STOP,START,STOP,STOP,241.8,900,70.9,100
2/8/2022 1:22:40 PM,START,STOP,START,STOP,STOP,241.6,900,70.9,100
2/8/2022 1:22:45 PM,START,STOP,START,STOP,STOP,241.9,900,71.2,100
2/8/2022 1:22:50 PM,START,STOP,START,STOP,STOP,241.9,900,70.9,100
2/8/2022 1:22:55 PM,START,STOP,START,STOP,STOP,241.8,900,71,100
2/8/2022 1:23:00 PM,START,STOP,START,STOP,STOP,241.8,900,70.5,100
2/8/2022 1:23:05 PM,START,STOP,START,STOP,STOP,241.5,900,102.3,100
2/8/2022 1:23:10 PM,START,STOP,START,STOP,STOP,241.5,900,70.5,100
2/8/2022 1:23:15 PM,START,STOP,START,STOP,STOP,241.6,900,70.7,100
2/8/2022 1:23:20 PM,START,STOP,START,STOP,STOP,241.6,900,70.8,100
2/8/2022 1:23:25 PM,START,STOP,START,STOP,STOP,242,900,70.7,100
2/8/2022 1:23:30 PM,START,STOP,START,STOP,STOP,241.8,900,70.6,100
2/8/2022 1:23:35 PM,START,STOP,START,STOP,STOP,242,900,70.9,100
2/8/2022 1:23:40 PM,START,STOP,START,STOP,STOP,242.2,900,70.9,100
2/8/2022 1:23:45 PM,START,STOP,START,STOP,STOP,242.3,900,70.7,100
2/8/2022 1:24:23 PM,START,STOP,START,STOP,STOP,243.2,900,65.7,100
2/8/2022 1:24:28 PM,START,STOP,START,STOP,STOP,242.5,900,66.3,100
2/8/2022 1:24:33 PM,START,STOP,START,STOP,STOP,242.8,900,66.3,100
2/8/2022 1:24:38 PM,START,STOP,START,STOP,STOP,242.7,900,66.1,100
2/8/2022 1:24:43 PM,START,STOP,START,STOP,STOP,242.9,900,69.7,100
2/8/2022 1:24:48 PM,START,STOP,START,STOP,STOP,242.4,900,66.2,100
2/8/2022 1:24:53 PM,START,STOP,START,STOP,STOP,242.1,900,66.1,100
2/8/2022 1:24:58 PM,START,STOP,START,STOP,STOP,242.2,900,66.2,100
2/8/2022 1:25:03 PM,START,STOP,START,STOP,STOP,242.7,900,66.8,100
2/8/2022 1:25:08 PM,START,STOP,START,STOP,STOP,242.4,900,66.4,100
2/8/2022 1:25:13 PM,START,STOP,START,STOP,STOP,242.3,900,66.2,100
2/8/2022 1:25:29 PM,START,STOP,START,STOP,STOP,242.4,900,71.3,100
2/8/2022 1:25:34 PM,START,STOP,START,STOP,STOP,242.2,900,70.7,100
2/8/2022 1:25:39 PM,START,STOP,START,STOP,STOP,241.9,900,71.1,100
2/8/2022 1:25:44 PM,START,STOP,START,STOP,STOP,242.1,900,71.1,100
2/8/2022 1:25:54 PM,START,STOP,START,STOP,STOP,241.7,900,71.2,100
2/8/2022 1:25:59 PM,START,STOP,START,STOP,STOP,241.6,900,70.6,100
2/8/2022 1:26:04 PM,START,STOP,START,STOP,STOP,241.3,900,70.9,100
2/8/2022 1:26:09 PM,START,STOP,START,STOP,STOP,241.8,900,71.1,100
2/8/2022 1:26:14 PM,START,STOP,START,STOP,STOP,241.7,900,71.1,100
2/8/2022 1:27:03 PM,START,STOP,START,STOP,STOP,242.3,900,66.6,100
2/8/2022 1:27:08 PM,START,STOP,START,STOP,STOP,242.5,900,66.6,100
2/8/2022 1:35:43 PM,START,STOP,START,STOP,STOP,242.5,900,64,100
2/8/2022 1:49:50 PM,START,STOP,START,STOP,STOP,244.6,900,57.6,100
2/8/2022 1:50:04 PM,START,STOP,START,STOP,STOP,244.5,900,57.5,100
2/8/2022 1:50:09 PM,START,STOP,START,STOP,STOP,244.6,900,57.1,100
2/8/2022 1:50:14 PM,START,STOP,START,STOP,STOP,245.2,900,57.6,100
2/8/2022 1:50:19 PM,START,STOP,START,STOP,STOP,244.8,900,57.1,100
2/8/2022 2:08:45 PM,START,STOP,START,STOP,STOP,239.9,900,57.3,100
2/8/2022 2:08:50 PM,START,STOP,START,STOP,STOP,239.6,900,57.4,100
2/8/2022 2:09:24 PM,START,STOP,START,STOP,STOP,239.9,900,57.6,100
2/8/2022 2:09:29 PM,START,STOP,START,STOP,STOP,240.5,900,57.3,100
2/8/2022 2:09:34 PM,START,STOP,START,STOP,STOP,240.3,900,57.4,100
2/8/2022 2:09:39 PM,START,STOP,START,STOP,STOP,240.2,900,57.5,100
2/8/2022 2:09:44 PM,START,STOP,START,STOP,STOP,240.4,900,57.6,100
2/8/2022 2:10:14 PM,START,STOP,START,STOP,STOP,240.4,900,56.9,100
2/8/2022 2:10:14 PM,START,STOP,START,STOP,STOP,240.4,900,56.9,100
2/8/2022 2:10:19 PM,START,STOP,START,STOP,STOP,240,900,57,100
2/8/2022 2:10:24 PM,START,STOP,START,STOP,STOP,239.7,900,57.1,100
2/8/2022 2:10:29 PM,START,STOP,START,STOP,STOP,239.6,900,57.1,100
2/8/2022 2:10:34 PM,START,STOP,START,STOP,STOP,239.7,900,56.9,100
2/8/2022 2:10:39 PM,START,STOP,START,STOP,STOP,239.6,900,57.2,100
2/8/2022 2:10:44 PM,START,STOP,START,STOP,STOP,239.3,900,57.1,100
2/8/2022 2:10:49 PM,START,STOP,START,STOP,STOP,239.6,900,57.1,100
2/8/2022 2:17:01 PM,START,STOP,START,STOP,STOP,239,900,57,100
2/8/2022 2:17:04 PM,START,STOP,START,STOP,STOP,240.8,900,81.5,100
2/8/2022 2:17:09 PM,START,STOP,START,STOP,STOP,240,900,81.6,100
2/8/2022 2:17:14 PM,START,STOP,START,STOP,STOP,241,900,81.3,100
2/8/2022 2:17:19 PM,START,STOP,START,STOP,STOP,241.2,900,80.9,100
2/8/2022 2:17:24 PM,START,STOP,START,STOP,STOP,240.5,900,81.7,100
2/8/2022 2:17:29 PM,START,STOP,START,STOP,STOP,240.5,900,82,100
2/8/2022 2:17:34 PM,START,STOP,START,STOP,STOP,240.8,900,82,100
2/8/2022 2:18:00 PM,START,STOP,START,STOP,STOP,240.5,900,81.8,100
2/8/2022 2:18:05 PM,START,STOP,START,STOP,STOP,240.7,900,81.9,100
2/8/2022 2:18:41 PM,START,STOP,START,STOP,STOP,241,900,82.6,100
2/8/2022 2:18:47 PM,START,STOP,START,STOP,STOP,241.2,900,82.8,100
2/8/2022 2:18:51 PM,START,STOP,START,STOP,STOP,240.5,900,82.4,100
2/8/2022 2:18:56 PM,START,STOP,START,STOP,STOP,240.8,900,82.4,100
2/8/2022 2:54:34 PM,START,STOP,START,STOP,STOP,241,900,67.8,100
2/8/2022 2:54:39 PM,START,STOP,START,STOP,STOP,240.4,900,67.7,100
2/8/2022 2:54:44 PM,START,STOP,START,STOP,STOP,240.4,900,67.9,100
2/8/2022 2:54:49 PM,START,STOP,START,STOP,STOP,240.4,900,68,100
2/8/2022 2:54:54 PM,START,STOP,START,STOP,STOP,240.3,900,67.8,100
2/8/2022 2:54:59 PM,START,STOP,START,STOP,STOP,240.3,900,68,100
2/8/2022 2:55:04 PM,START,STOP,START,STOP,STOP,240.1,900,67.7,100
2/8/2022 2:55:09 PM,START,STOP,START,STOP,STOP,240.9,900,73.9,100
2/8/2022 2:55:14 PM,START,STOP,START,STOP,STOP,240.3,900,73.2,100
2/8/2022 2:55:19 PM,START,STOP,START,STOP,STOP,240.6,900,71.8,100
2/8/2022 2:55:24 PM,START,STOP,START,STOP,STOP,240.1,900,71.9,100
2/8/2022 2:55:29 PM,START,STOP,START,STOP,STOP,240.6,900,71.5,100
2/8/2022 2:55:34 PM,START,STOP,START,STOP,STOP,240,900,73.6,100
2/8/2022 2:55:39 PM,START,STOP,START,STOP,STOP,239.8,900,73.2,100
2/8/2022 2:55:44 PM,START,STOP,START,STOP,STOP,239.9,900,71.1,100
2/8/2022 2:55:49 PM,START,STOP,START,STOP,STOP,239.6,900,74,100
2/8/2022 2:55:54 PM,START,STOP,START,STOP,STOP,239.7,900,67.8,100
2/8/2022 2:55:59 PM,START,STOP,START,STOP,STOP,240,900,68.1,100
2/8/2022 2:56:04 PM,START,STOP,START,STOP,STOP,239.9,900,67.6,100
2/8/2022 2:56:09 PM,START,STOP,START,STOP,STOP,240.1,900,68,100
2/8/2022 2:56:14 PM,START,STOP,START,STOP,STOP,239.9,900,68,100
2/8/2022 2:56:19 PM,START,STOP,START,STOP,STOP,239.6,900,67.8,100
2/8/2022 2:56:24 PM,START,STOP,START,STOP,STOP,239.2,900,68.1,100
2/8/2022 2:56:29 PM,START,STOP,START,STOP,STOP,239.5,900,67.1,100
2/8/2022 2:56:34 PM,START,STOP,START,STOP,STOP,239.9,900,67.4,100
2/8/2022 2:56:39 PM,START,STOP,START,STOP,STOP,239.3,900,67.9,100
2/8/2022 2:56:44 PM,START,STOP,START,STOP,STOP,239.9,900,67.8,100
2/8/2022 2:56:49 PM,START,STOP,START,STOP,STOP,239.6,900,67.6,100
2/8/2022 2:56:54 PM,START,STOP,START,STOP,STOP,240.2,900,67.7,100
2/8/2022 3:04:14 PM,START,STOP,START,STOP,STOP,242.1,900,68.3,100
2/8/2022 3:04:19 PM,START,STOP,START,STOP,STOP,242.5,900,68.6,100
2/8/2022 3:04:24 PM,START,STOP,START,STOP,STOP,242.1,900,68.8,100
2/8/2022 3:04:29 PM,START,STOP,START,STOP,STOP,242.4,900,69.1,100
2/8/2022 3:04:34 PM,START,STOP,START,STOP,STOP,242,900,69,100
2/8/2022 3:04:39 PM,START,STOP,START,STOP,STOP,241.8,900,68.8,100
2/8/2022 3:04:44 PM,START,STOP,START,STOP,STOP,241.6,900,68.8,50
2/8/2022 3:04:49 PM,START,STOP,START,STOP,STOP,242,900,68.5,50
2/8/2022 3:04:54 PM,START,STOP,START,STOP,STOP,241.8,900,68.8,50
2/8/2022 3:04:59 PM,START,STOP,START,STOP,STOP,241.8,900,68.6,50
2/8/2022 3:05:04 PM,START,STOP,START,STOP,STOP,242,900,68.8,50
2/8/2022 3:05:09 PM,START,STOP,START,STOP,STOP,241.8,900,68.6,50
2/8/2022 3:05:14 PM,START,STOP,START,STOP,STOP,241.8,900,68.7,50
2/8/2022 3:05:19 PM,START,STOP,START,STOP,STOP,241.9,900,69,50
2/8/2022 3:05:24 PM,START,STOP,START,STOP,STOP,242.2,900,68.5,50
2/8/2022 3:05:29 PM,START,STOP,START,STOP,STOP,241.6,900,68.8,50
2/8/2022 3:05:34 PM,START,STOP,START,STOP,STOP,242.2,900,69,50
2/8/2022 3:05:39 PM,START,STOP,START,STOP,STOP,241.5,900,68.7,50
2/8/2022 3:05:44 PM,START,STOP,START,STOP,STOP,242,900,69,50
2/8/2022 3:05:49 PM,START,STOP,START,STOP,STOP,242,900,68.7,50
2/8/2022 3:08:03 PM,START,STOP,START,STOP,STOP,241.8,900,81,100
2/8/2022 3:08:08 PM,START,STOP,START,STOP,STOP,241.6,900,87.3,100
2/8/2022 3:08:13 PM,START,STOP,START,STOP,STOP,242.2,900,89.2,100
2/8/2022 3:08:18 PM,START,STOP,START,STOP,STOP,241.8,900,89,100
2/8/2022 3:08:23 PM,START,STOP,START,STOP,STOP,242,50,89.1,100
2/8/2022 3:08:28 PM,START,STOP,START,STOP,STOP,242.3,50,89.4,100
2/8/2022 3:08:37 PM,START,STOP,START,STOP,STOP,242,50,88.2,100
2/8/2022 3:08:42 PM,START,STOP,START,STOP,STOP,241.6,50,88.5,100
2/8/2022 3:08:47 PM,START,STOP,START,STOP,STOP,241.6,50,88.6,100
2/8/2022 3:08:52 PM,START,STOP,START,STOP,STOP,242.4,50,89,100
2/8/2022 3:08:57 PM,START,STOP,START,STOP,STOP,242.1,50,89.3,100
2/8/2022 3:09:02 PM,START,STOP,START,STOP,STOP,242.3,50,88.7,100
2/8/2022 3:09:07 PM,START,STOP,START,STOP,STOP,242.1,50,88.7,100
2/8/2022 3:09:12 PM,START,STOP,START,STOP,STOP,242.4,50,89.4,100
2/8/2022 3:09:17 PM,START,STOP,START,STOP,STOP,241.9,50,89.2,100
2/8/2022 3:09:22 PM,START,STOP,START,STOP,STOP,241.9,50,89.6,100
2/8/2022 3:09:27 PM,START,STOP,START,STOP,STOP,242,50,89.9,100
2/8/2022 3:09:32 PM,START,STOP,START,STOP,STOP,241.9,50,89.2,100
2/8/2022 3:09:37 PM,START,STOP,START,STOP,STOP,241.9,50,89.3,100
2/8/2022 3:09:42 PM,START,STOP,START,STOP,STOP,242.1,50,89.8,100
2/8/2022 3:10:15 PM,START,STOP,START,STOP,STOP,241.8,50,89.6,100
2/8/2022 3:10:20 PM,START,STOP,START,STOP,STOP,242,50,90.1,100
2/8/2022 3:10:25 PM,START,STOP,START,STOP,STOP,242.2,50,89.2,100
2/8/2022 3:10:30 PM,START,STOP,START,STOP,STOP,242.3,50,90,100
2/8/2022 3:10:35 PM,START,STOP,START,STOP,STOP,242.4,50,89.3,100
2/8/2022 3:10:40 PM,START,STOP,START,STOP,STOP,242.4,50,89.5,100
2/8/2022 3:10:45 PM,START,STOP,START,STOP,STOP,241.8,50,89.7,100
2/8/2022 3:10:50 PM,START,STOP,START,STOP,STOP,242.1,50,89.6,100
2/8/2022 3:10:55 PM,START,STOP,START,STOP,STOP,241.9,50,89.8,100
2/8/2022 3:11:00 PM,START,STOP,START,STOP,STOP,242.5,50,90,100
2/8/2022 3:11:05 PM,START,STOP,START,STOP,STOP,242.1,50,89.7,100
2/8/2022 3:11:10 PM,START,STOP,START,STOP,STOP,242.3,50,90,100
2/8/2022 3:11:15 PM,START,STOP,START,STOP,STOP,242.4,50,89.7,100
2/8/2022 3:11:20 PM,START,STOP,START,STOP,STOP,242.1,50,90.3,100
2/8/2022 3:11:25 PM,START,STOP,START,STOP,STOP,242.1,50,90.2,100
2/8/2022 3:11:30 PM,START,STOP,START,STOP,STOP,242,50,89.8,100
2/8/2022 3:11:35 PM,START,STOP,START,STOP,STOP,242.1,50,89.8,100
2/8/2022 3:11:40 PM,START,STOP,START,STOP,STOP,241.9,50,90.4,100
2/8/2022 3:11:45 PM,START,STOP,START,STOP,STOP,242.1,50,90.1,100
2/8/2022 3:11:50 PM,START,STOP,START,STOP,STOP,242.2,50,89.3,100
2/8/2022 3:11:55 PM,START,STOP,START,STOP,STOP,242.1,50,89.9,100
2/8/2022 3:12:00 PM,START,STOP,START,STOP,STOP,241.9,50,89.7,100
2/8/2022 3:12:05 PM,START,STOP,START,STOP,STOP,241.6,50,89.5,100
2/8/2022 3:12:10 PM,START,STOP,START,STOP,STOP,241.7,50,89.9,100
2/8/2022 3:12:15 PM,START,STOP,START,STOP,STOP,242,50,90,100
2/8/2022 3:12:20 PM,START,STOP,START,STOP,STOP,242.1,50,90,100
2/8/2022 3:16:14 PM,START,STOP,START,STOP,STOP,240.4,50,63.9,100
2/8/2022 3:16:19 PM,START,STOP,START,STOP,STOP,241,50,64.1,100
2/8/2022 3:16:24 PM,START,STOP,START,STOP,STOP,241.2,50,64.5,100
2/8/2022 3:16:29 PM,START,STOP,START,STOP,STOP,241.1,50,64.2,100
2/8/2022 3:16:34 PM,START,STOP,START,STOP,STOP,241,50,64.1,100
2/8/2022 3:16:39 PM,START,STOP,START,STOP,STOP,241,50,64.2,100
2/8/2022 3:16:44 PM,START,STOP,START,STOP,STOP,240.8,50,64.4,100
2/8/2022 3:16:49 PM,START,STOP,START,STOP,STOP,241.3,50,64.5,100
2/8/2022 3:16:54 PM,START,STOP,START,STOP,STOP,241.1,50,64.4,100
2/8/2022 3:16:59 PM,START,STOP,START,STOP,STOP,240.8,50,64.2,100
2/8/2022 3:17:04 PM,START,STOP,START,STOP,STOP,240.3,50,64.3,100
2/8/2022 3:17:09 PM,START,STOP,START,STOP,STOP,240.3,50,64.5,100
2/8/2022 3:17:14 PM,START,STOP,START,STOP,STOP,241.1,50,64.2,100
2/8/2022 3:17:19 PM,START,STOP,START,STOP,STOP,241.1,50,64,100
2/8/2022 3:17:24 PM,START,STOP,START,STOP,STOP,240.9,50,64.2,100
2/8/2022 3:17:29 PM,START,STOP,START,STOP,STOP,241,50,64.4,100
2/8/2022 3:17:34 PM,START,STOP,START,STOP,STOP,240.7,50,64.2,100
2/8/2022 3:17:39 PM,START,STOP,START,STOP,STOP,240.6,50,64.5,100
2/8/2022 3:17:44 PM,START,STOP,START,STOP,STOP,240.5,50,64.5,100
2/8/2022 3:17:49 PM,START,STOP,START,STOP,STOP,240.5,50,64.1,100
2/8/2022 3:17:54 PM,START,STOP,START,STOP,STOP,241,50,64.5,100
2/8/2022 3:17:59 PM,START,STOP,START,STOP,STOP,241.2,50,64.6,100
2/8/2022 3:18:04 PM,START,STOP,START,STOP,STOP,241.2,50,64.3,100
2/8/2022 3:18:09 PM,START,STOP,START,STOP,STOP,241.8,50,64.5,100
2/8/2022 3:18:14 PM,START,STOP,START,STOP,STOP,241.4,50,64.3,100
2/8/2022 3:18:19 PM,START,STOP,START,STOP,STOP,241.4,50,64.8,100
2/8/2022 3:18:24 PM,START,STOP,START,STOP,STOP,241.7,50,64.5,100
2/8/2022 3:18:29 PM,START,STOP,START,STOP,STOP,241.4,50,63.9,100
2/8/2022 3:18:34 PM,START,STOP,START,STOP,STOP,241.4,50,63.8,100
2/8/2022 3:18:39 PM,START,STOP,START,STOP,STOP,241.6,50,63.9,100
2/8/2022 3:18:44 PM,START,STOP,START,STOP,STOP,241.5,50,64.2,100
2/8/2022 3:18:49 PM,START,STOP,START,STOP,STOP,241.8,50,64,100
2/8/2022 3:18:54 PM,START,STOP,START,STOP,STOP,241.6,50,63.8,100
2/8/2022 3:18:59 PM,START,STOP,START,STOP,STOP,241.3,50,63.4,100
2/8/2022 3:22:58 PM,START,STOP,START,STOP,STOP,241.2,50,58.9,100
2/8/2022 3:23:03 PM,START,STOP,START,STOP,STOP,241,50,58.6,100
2/8/2022 3:23:33 PM,START,STOP,START,STOP,STOP,241.4,50,58.6,100
2/8/2022 3:23:38 PM,START,STOP,START,STOP,STOP,241,50,58.8,100
2/8/2022 3:23:43 PM,START,STOP,START,STOP,STOP,241.2,50,58.7,100
2/8/2022 3:23:48 PM,START,STOP,START,STOP,STOP,241.4,50,58.4,100
2/8/2022 3:23:53 PM,START,STOP,START,STOP,STOP,241.4,50,58.3,100
2/8/2022 3:23:58 PM,START,STOP,START,STOP,STOP,241.1,50,58.6,100
2/8/2022 3:24:03 PM,START,STOP,START,STOP,STOP,240.9,50,58.6,100
2/8/2022 3:24:08 PM,START,STOP,START,STOP,STOP,241,50,58.6,100
2/8/2022 3:24:13 PM,START,STOP,START,STOP,STOP,241.1,50,58.6,100
2/8/2022 3:24:18 PM,START,STOP,START,STOP,STOP,241.1,50,58.6,100
2/8/2022 3:24:23 PM,START,STOP,START,STOP,STOP,240.7,50,58.7,100
2/8/2022 3:24:28 PM,START,STOP,START,STOP,STOP,240.6,50,58.6,100
2/8/2022 3:28:44 PM,START,STOP,START,STOP,STOP,242,50,59,100
2/8/2022 3:28:49 PM,START,STOP,START,STOP,STOP,242.1,50,58.6,100
2/8/2022 3:28:54 PM,START,STOP,START,STOP,STOP,241.8,50,59,100
2/8/2022 3:30:12 PM,START,STOP,START,STOP,STOP,241.6,50,58.8,100
2/8/2022 3:30:17 PM,START,STOP,START,STOP,STOP,242,50,58.5,100
2/8/2022 3:30:22 PM,START,STOP,START,STOP,STOP,241.9,50,58.7,100
2/8/2022 3:30:27 PM,START,STOP,START,STOP,STOP,241,50,58.7,100
2/8/2022 3:30:32 PM,START,STOP,START,STOP,STOP,241.5,50,58.5,100
2/8/2022 3:30:45 PM,START,STOP,START,STOP,STOP,240,50,58.3,100
2/8/2022 3:30:50 PM,START,STOP,START,STOP,STOP,241,50,58.6,100
2/8/2022 3:43:00 PM,START,STOP,START,STOP,STOP,242,50,59.2,100
2/8/2022 3:43:05 PM,START,STOP,START,STOP,STOP,242.1,50,59,100
2/8/2022 3:43:10 PM,START,STOP,START,STOP,STOP,242.1,50,58.9,100
2/8/2022 3:43:15 PM,START,STOP,START,STOP,STOP,241.8,50,59.1,100
2/8/2022 3:43:20 PM,START,STOP,START,STOP,STOP,242,50,59,100
2/8/2022 3:43:25 PM,START,STOP,START,STOP,STOP,242.6,50,58.9,100
2/8/2022 3:43:30 PM,START,STOP,START,STOP,STOP,242.3,50,59.1,100
2/8/2022 3:43:35 PM,START,STOP,START,STOP,STOP,242.1,50,59.3,100
2/8/2022 3:43:40 PM,START,STOP,START,STOP,STOP,242.2,50,58.7,100
2/8/2022 3:43:45 PM,START,STOP,START,STOP,STOP,241.2,50,58.7,100
2/8/2022 3:43:50 PM,START,STOP,START,STOP,STOP,241.7,50,59,100
2/8/2022 3:43:55 PM,START,STOP,START,STOP,STOP,241.6,50,58.6,100
2/8/2022 4:05:32 PM,START,STOP,START,STOP,STOP,240.8,50,58.5,100
2/8/2022 4:05:37 PM,START,STOP,START,STOP,STOP,241,50,58.6,100
2/8/2022 4:05:42 PM,START,STOP,START,STOP,STOP,241.2,50,58.8,100
2/8/2022 4:05:47 PM,START,STOP,START,STOP,STOP,240.9,50,58.8,100
2/8/2022 4:05:52 PM,START,STOP,START,STOP,STOP,241.5,50,58.6,100
2/8/2022 4:05:57 PM,START,STOP,START,STOP,STOP,241.4,50,58.7,100
2/8/2022 4:06:02 PM,START,STOP,START,STOP,STOP,241.6,50,58.8,100
2/8/2022 4:06:07 PM,START,STOP,START,STOP,STOP,241.1,50,59,100
2/8/2022 4:06:12 PM,START,STOP,START,STOP,STOP,241.7,50,58.7,100
2/8/2022 4:06:17 PM,START,STOP,START,STOP,STOP,242,50,58.6,100
2/8/2022 4:06:22 PM,START,STOP,START,STOP,STOP,241.7,50,58.3,100
2/8/2022 4:06:27 PM,START,STOP,START,STOP,STOP,241.7,50,59,100
2/8/2022 4:06:32 PM,START,STOP,START,STOP,STOP,241.3,50,58.8,100
2/8/2022 4:06:37 PM,START,STOP,START,STOP,STOP,241,50,58.6,100
2/8/2022 4:06:42 PM,START,STOP,START,STOP,STOP,241.4,50,58.8,100
2/8/2022 4:06:47 PM,START,STOP,START,STOP,STOP,241.5,50,58.6,100
2/8/2022 4:06:52 PM,START,STOP,START,STOP,STOP,241.6,50,59.1,100
2/8/2022 4:06:57 PM,START,STOP,START,STOP,STOP,241.4,50,58.9,100
2/8/2022 4:07:02 PM,START,STOP,START,STOP,STOP,241.3,50,59.1,100
2/8/2022 4:07:07 PM,START,STOP,START,STOP,STOP,241.7,50,58.9,100
2/8/2022 4:07:12 PM,START,STOP,START,STOP,STOP,241.5,50,59,100
2/8/2022 4:07:17 PM,START,STOP,START,STOP,STOP,241.7,50,58.7,100
2/8/2022 4:07:22 PM,START,STOP,START,STOP,STOP,241.5,50,58.4,100
2/8/2022 4:07:27 PM,START,STOP,START,STOP,STOP,242,50,58.7,100
2/8/2022 4:07:32 PM,START,STOP,START,STOP,STOP,241.6,50,58.8,100
2/8/2022 4:07:37 PM,START,STOP,START,STOP,STOP,241.8,50,59,100
2/8/2022 4:07:42 PM,START,STOP,START,STOP,STOP,241.9,50,59.2,100
2/8/2022 4:07:47 PM,START,STOP,START,STOP,STOP,242.2,50,59.1,100
2/8/2022 4:07:52 PM,START,STOP,START,STOP,STOP,242.4,50,59.2,100
2/8/2022 4:07:57 PM,START,STOP,START,STOP,STOP,242.1,50,59.1,100
2/8/2022 4:08:02 PM,START,STOP,START,STOP,STOP,242,50,59.1,100
2/8/2022 4:08:07 PM,START,STOP,START,STOP,STOP,242.2,50,59,100
2/8/2022 4:08:12 PM,START,STOP,START,STOP,STOP,242.2,50,58.9,100
2/8/2022 4:08:17 PM,START,STOP,START,STOP,STOP,241.8,50,58.9,100
2/8/2022 4:08:22 PM,START,STOP,START,STOP,STOP,242.5,50,58.8,100
2/8/2022 4:08:27 PM,START,STOP,START,STOP,STOP,241.9,50,58.7,100
2/8/2022 4:08:32 PM,START,STOP,START,STOP,STOP,242,50,58.8,100
2/8/2022 4:08:37 PM,START,STOP,START,STOP,STOP,241.6,50,58.7,100
2/8/2022 4:08:42 PM,START,STOP,START,STOP,STOP,241.7,50,58.9,100
2/8/2022 4:08:47 PM,START,STOP,START,STOP,STOP,241.7,50,58.5,100
2/8/2022 4:08:52 PM,START,STOP,START,STOP,STOP,241.7,50,59,100
2/8/2022 4:08:57 PM,START,STOP,START,STOP,STOP,241.3,50,58.8,100
2/8/2022 4:09:02 PM,START,STOP,START,STOP,STOP,241.3,50,58.7,100
2/8/2022 4:09:07 PM,START,STOP,START,STOP,STOP,240.9,50,58,100
2/8/2022 4:09:12 PM,START,STOP,START,STOP,STOP,241.4,50,58.5,100
2/8/2022 4:09:17 PM,START,STOP,START,STOP,STOP,240.8,50,58.6,100
2/8/2022 4:09:22 PM,START,STOP,START,STOP,STOP,240.9,50,58.6,100
2/8/2022 4:09:27 PM,START,STOP,START,STOP,STOP,241.2,50,58.5,100
2/8/2022 4:09:32 PM,START,STOP,START,STOP,STOP,241.2,50,58.2,100
2/8/2022 4:09:37 PM,START,STOP,START,STOP,STOP,241.2,50,58.7,100
2/8/2022 4:09:42 PM,START,STOP,START,STOP,STOP,241.2,50,58.3,100
2/8/2022 4:09:47 PM,START,STOP,START,STOP,STOP,241.3,50,58.8,100
2/8/2022 4:09:52 PM,START,STOP,START,STOP,STOP,241.2,50,58.8,100
2/8/2022 4:09:57 PM,START,STOP,START,STOP,STOP,241.3,50,58.9,100
2/8/2022 4:10:02 PM,START,STOP,START,STOP,STOP,242,50,58.7,100
2/8/2022 4:10:07 PM,START,STOP,START,STOP,STOP,241.3,50,58.6,100
2/8/2022 4:10:12 PM,START,STOP,START,STOP,STOP,241.4,50,59,100
2/8/2022 4:10:17 PM,START,STOP,START,STOP,STOP,241.2,50,58.6,100
2/8/2022 4:10:22 PM,START,STOP,START,STOP,STOP,241.3,50,58.8,100
2/8/2022 4:10:27 PM,START,STOP,START,STOP,STOP,241,50,58.6,100
2/8/2022 4:10:32 PM,START,STOP,START,STOP,STOP,241.5,50,58.6,100
2/8/2022 4:10:37 PM,START,STOP,START,STOP,STOP,241.9,50,58.8,100
2/8/2022 4:10:42 PM,START,STOP,START,STOP,STOP,241.4,50,58.9,100
2/8/2022 4:10:47 PM,START,STOP,START,STOP,STOP,241.7,50,58.6,100
2/8/2022 4:10:52 PM,START,STOP,START,STOP,STOP,241.4,50,58.3,100
2/8/2022 4:10:57 PM,START,STOP,START,STOP,STOP,241.6,50,58.5,100
2/8/2022 4:11:02 PM,START,STOP,START,STOP,STOP,241.4,50,58.6,100
2/8/2022 4:11:07 PM,START,STOP,START,STOP,STOP,241.5,50,58.8,100
2/8/2022 4:11:12 PM,START,STOP,START,STOP,STOP,241.6,50,58.7,100
2/8/2022 4:11:17 PM,START,STOP,START,STOP,STOP,242,50,58.5,100
2/8/2022 4:11:22 PM,START,STOP,START,STOP,STOP,241.8,50,58.5,100
2/8/2022 4:11:27 PM,START,STOP,START,STOP,STOP,241.8,50,58.9,100
2/8/2022 4:11:32 PM,START,STOP,START,STOP,STOP,242.3,50,58.9,100
2/8/2022 4:11:37 PM,START,STOP,START,STOP,STOP,242.3,50,59,100
2/8/2022 4:11:42 PM,START,STOP,START,STOP,STOP,242,50,59.1,100
2/8/2022 4:11:47 PM,START,STOP,START,STOP,STOP,242.5,50,58.9,100
2/8/2022 4:11:52 PM,START,STOP,START,STOP,STOP,242.3,50,58.8,100
2/8/2022 4:11:57 PM,START,STOP,START,STOP,STOP,242.6,50,58.7,100
2/8/2022 4:12:02 PM,START,STOP,START,STOP,STOP,242,50,59.1,100
2/8/2022 4:12:07 PM,START,STOP,START,STOP,STOP,242.5,50,59.5,100
2/8/2022 4:12:12 PM,START,STOP,START,STOP,STOP,242.4,50,59.3,100
2/8/2022 4:12:17 PM,START,STOP,START,STOP,STOP,241.8,50,58.8,100
2/8/2022 4:12:22 PM,START,STOP,START,STOP,STOP,241.6,50,58.9,100
2/8/2022 4:12:27 PM,START,STOP,START,STOP,STOP,241.8,50,58.7,100
2/8/2022 4:12:32 PM,START,STOP,START,STOP,STOP,241,50,58.9,100
2/8/2022 4:12:37 PM,START,STOP,START,STOP,STOP,241.5,50,58.5,100
2/8/2022 4:12:42 PM,START,STOP,START,STOP,STOP,241.9,50,59,100
2/8/2022 4:12:47 PM,START,STOP,START,STOP,STOP,242.2,50,59.1,100
2/8/2022 4:12:52 PM,START,STOP,START,STOP,STOP,241.5,50,59.1,100
2/8/2022 4:12:57 PM,START,STOP,START,STOP,STOP,241.8,50,59.2,100
2/8/2022 4:13:02 PM,START,STOP,START,STOP,STOP,242,50,58.6,100
2/8/2022 4:13:07 PM,START,STOP,START,STOP,STOP,242,50,58.8,100
2/8/2022 4:13:12 PM,START,STOP,START,STOP,STOP,242.2,50,58.8,100
2/8/2022 4:13:17 PM,START,STOP,START,STOP,STOP,242,50,59,100
2/8/2022 4:13:22 PM,START,STOP,START,STOP,STOP,242.2,50,59,100
2/8/2022 4:13:27 PM,START,STOP,START,STOP,STOP,242.3,50,58.7,100
2/8/2022 4:13:32 PM,START,STOP,START,STOP,STOP,242.6,50,58.9,100
2/8/2022 4:13:37 PM,START,STOP,START,STOP,STOP,243.1,50,58.6,100
2/8/2022 4:13:42 PM,START,STOP,START,STOP,STOP,242.5,50,58.9,100
2/8/2022 4:13:47 PM,START,STOP,START,STOP,STOP,241.9,50,58.7,100
2/8/2022 4:13:52 PM,START,STOP,START,STOP,STOP,241.7,50,59,100
2/8/2022 4:13:57 PM,START,STOP,START,STOP,STOP,242,50,58.8,100
2/8/2022 4:14:02 PM,START,STOP,START,STOP,STOP,241.8,50,58.5,100
2/8/2022 4:14:07 PM,START,STOP,START,STOP,STOP,240.8,50,58.6,100
2/8/2022 4:14:12 PM,START,STOP,START,STOP,STOP,240.9,50,58.9,100
2/8/2022 4:14:17 PM,START,STOP,START,STOP,STOP,241.1,50,58.8,100
2/8/2022 4:14:22 PM,START,STOP,START,STOP,STOP,241.3,50,58.8,100
2/8/2022 4:14:27 PM,START,STOP,START,STOP,STOP,241,50,58.4,100
2/8/2022 4:14:32 PM,START,STOP,START,STOP,STOP,240.9,50,58.4,100
2/8/2022 4:14:37 PM,START,STOP,START,STOP,STOP,241.1,50,58.5,100
2/8/2022 4:14:42 PM,START,STOP,START,STOP,STOP,241.5,50,59,100
2/8/2022 4:14:47 PM,START,STOP,START,STOP,STOP,241.5,50,59,100
2/8/2022 4:14:52 PM,START,STOP,START,STOP,STOP,242.1,50,59.1,100
2/8/2022 4:14:57 PM,START,STOP,START,STOP,STOP,242,50,59.1,100
2/8/2022 4:15:02 PM,START,STOP,START,STOP,STOP,242,50,58.8,100
2/8/2022 4:15:07 PM,START,STOP,START,STOP,STOP,242.9,50,58.8,100
2/8/2022 4:15:12 PM,START,STOP,START,STOP,STOP,242.6,50,58.9,100
2/8/2022 4:15:17 PM,START,STOP,START,STOP,STOP,242.3,50,58.8,100
2/8/2022 4:15:22 PM,START,STOP,START,STOP,STOP,242.4,50,59,100
2/8/2022 4:15:27 PM,START,STOP,START,STOP,STOP,241.7,50,58.9,100
2/8/2022 4:15:32 PM,START,STOP,START,STOP,STOP,242.2,50,58.8,100
2/8/2022 4:15:37 PM,START,STOP,START,STOP,STOP,242.1,50,59.1,100
2/8/2022 4:15:42 PM,START,STOP,START,STOP,STOP,242.1,50,59.1,100
2/8/2022 4:15:47 PM,START,STOP,START,STOP,STOP,242.1,50,58.7,100
2/8/2022 4:15:52 PM,START,STOP,START,STOP,STOP,242.2,50,59,100
2/8/2022 4:15:57 PM,START,STOP,START,STOP,STOP,242.6,50,59.1,100
2/8/2022 4:16:02 PM,START,STOP,START,STOP,STOP,242.4,50,58.8,100
2/8/2022 4:16:07 PM,START,STOP,START,STOP,STOP,242.5,50,58.6,100
2/8/2022 4:16:12 PM,START,STOP,START,STOP,STOP,241.8,50,58.9,100
2/8/2022 4:16:17 PM,START,STOP,START,STOP,STOP,242.1,50,58.9,100
2/8/2022 4:16:22 PM,START,STOP,START,STOP,STOP,242,50,58.9,100
2/8/2022 4:16:27 PM,START,STOP,START,STOP,STOP,241.4,50,58.7,100
2/8/2022 4:16:32 PM,START,STOP,START,STOP,STOP,241.8,50,58.9,100
2/8/2022 4:16:37 PM,START,STOP,START,STOP,STOP,241.3,50,59,100
2/8/2022 4:16:42 PM,START,STOP,START,STOP,STOP,241.8,50,58.6,100
2/8/2022 4:16:47 PM,START,STOP,START,STOP,STOP,241.3,50,58.7,100
2/8/2022 4:16:52 PM,START,STOP,START,STOP,STOP,241.5,50,59,100
2/8/2022 4:16:57 PM,START,STOP,START,STOP,STOP,241.5,50,58.8,100
2/8/2022 4:17:02 PM,START,STOP,START,STOP,STOP,240.7,50,58.9,100
2/8/2022 4:17:07 PM,START,STOP,START,STOP,STOP,240.7,50,58.6,100
2/8/2022 4:17:12 PM,START,STOP,START,STOP,STOP,241.4,50,58.5,100
2/8/2022 4:17:17 PM,START,STOP,START,STOP,STOP,240.9,50,58.2,100
2/8/2022 4:17:22 PM,START,STOP,START,STOP,STOP,241.1,50,58.8,100
2/8/2022 4:17:27 PM,START,STOP,START,STOP,STOP,241.5,50,58.8,100
2/8/2022 4:17:32 PM,START,STOP,START,STOP,STOP,241.2,50,58.7,100
2/8/2022 4:17:37 PM,START,STOP,START,STOP,STOP,241.2,50,58.6,100
2/8/2022 4:17:42 PM,START,STOP,START,STOP,STOP,241.3,50,58.5,100
2/8/2022 4:17:47 PM,START,STOP,START,STOP,STOP,241.3,50,58.7,100
2/8/2022 4:17:52 PM,START,STOP,START,STOP,STOP,241.3,50,58.5,100
2/8/2022 4:17:57 PM,START,STOP,START,STOP,STOP,241.8,50,59.3,100
2/8/2022 4:18:02 PM,START,STOP,START,STOP,STOP,241.9,50,59.2,100
2/8/2022 4:18:07 PM,START,STOP,START,STOP,STOP,241.5,50,58.6,100
2/8/2022 4:18:12 PM,START,STOP,START,STOP,STOP,241.6,50,58.5,100
2/8/2022 4:18:17 PM,START,STOP,START,STOP,STOP,241.2,50,58.6,100
2/8/2022 4:18:22 PM,START,STOP,START,STOP,STOP,241.7,50,58.5,100
2/8/2022 4:18:27 PM,START,STOP,START,STOP,STOP,241,50,58.5,100
2/8/2022 4:18:32 PM,START,STOP,START,STOP,STOP,241.5,50,58.8,100
2/8/2022 4:18:37 PM,START,STOP,START,STOP,STOP,241.3,50,58.9,100
2/8/2022 4:18:42 PM,START,STOP,START,STOP,STOP,241.5,50,58.9,100
2/8/2022 4:18:47 PM,START,STOP,START,STOP,STOP,241.1,50,59.1,100
2/8/2022 4:18:52 PM,START,STOP,START,STOP,STOP,241.2,50,58.5,100
2/8/2022 4:18:57 PM,START,STOP,START,STOP,STOP,241.9,50,58.6,100
2/8/2022 4:19:02 PM,START,STOP,START,STOP,STOP,241.2,50,58.9,100
2/8/2022 4:19:07 PM,START,STOP,START,STOP,STOP,241.9,50,59,100
2/8/2022 4:19:12 PM,START,STOP,START,STOP,STOP,241.6,50,58.9,100
2/8/2022 4:19:17 PM,START,STOP,START,STOP,STOP,241.8,50,58.8,100
2/8/2022 4:19:22 PM,START,STOP,START,STOP,STOP,241.7,50,58.7,100
2/8/2022 4:19:27 PM,START,STOP,START,STOP,STOP,242,50,59,100
2/8/2022 4:19:32 PM,START,STOP,START,STOP,STOP,242.4,50,58.7,100
2/8/2022 4:19:37 PM,START,STOP,START,STOP,STOP,242.2,50,59,100
2/8/2022 4:19:42 PM,START,STOP,START,STOP,STOP,241.9,50,59.1,100
2/8/2022 4:19:47 PM,START,STOP,START,STOP,STOP,241.7,50,58.6,100
2/8/2022 4:19:52 PM,START,STOP,START,STOP,STOP,241.9,50,58.8,100
2/8/2022 4:19:57 PM,START,STOP,START,STOP,STOP,241.9,50,58.8,100
2/8/2022 4:20:02 PM,START,STOP,START,STOP,STOP,242.2,50,58.5,100
2/8/2022 4:20:07 PM,START,STOP,START,STOP,STOP,242.1,50,58.8,100
2/8/2022 4:20:12 PM,START,STOP,START,STOP,STOP,242.6,50,59.2,100
2/8/2022 4:20:17 PM,START,STOP,START,STOP,STOP,242.1,50,58.9,100
2/8/2022 4:20:22 PM,START,STOP,START,STOP,STOP,242.4,50,59,100
2/8/2022 4:20:27 PM,START,STOP,START,STOP,STOP,242.5,50,59,100
2/8/2022 4:20:32 PM,START,STOP,START,STOP,STOP,242.9,50,59.1,100
2/8/2022 4:20:37 PM,START,STOP,START,STOP,STOP,241.9,50,59.1,100
2/8/2022 4:20:42 PM,START,STOP,START,STOP,STOP,242.3,50,59,100
2/8/2022 4:20:47 PM,START,STOP,START,STOP,STOP,242.1,50,59,100
2/8/2022 4:20:52 PM,START,STOP,START,STOP,STOP,242,50,58.7,100
2/8/2022 4:20:57 PM,START,STOP,START,STOP,STOP,241.8,50,58.2,100
2/8/2022 4:21:02 PM,START,STOP,START,STOP,STOP,241.5,50,59.4,100
2/8/2022 4:21:07 PM,START,STOP,START,STOP,STOP,241.3,50,58.9,100
2/8/2022 4:21:12 PM,START,STOP,START,STOP,STOP,241,50,58.9,100
2/8/2022 4:21:17 PM,START,STOP,START,STOP,STOP,241,50,58.6,100
2/8/2022 4:21:22 PM,START,STOP,START,STOP,STOP,240.9,50,58.9,100
2/8/2022 4:21:27 PM,START,STOP,START,STOP,STOP,241.2,50,58.5,100
2/8/2022 4:21:32 PM,START,STOP,START,STOP,STOP,241,50,58.7,100
2/8/2022 4:21:37 PM,START,STOP,START,STOP,STOP,242,50,59.2,100
2/8/2022 4:21:42 PM,START,STOP,START,STOP,STOP,241.8,50,59.4,100
2/8/2022 4:21:47 PM,START,STOP,START,STOP,STOP,241.8,50,58.9,100
2/8/2022 4:21:52 PM,START,STOP,START,STOP,STOP,242.2,50,59,100
2/8/2022 4:21:57 PM,START,STOP,START,STOP,STOP,241.5,50,59,100
2/8/2022 4:22:02 PM,START,STOP,START,STOP,STOP,241.7,50,59.3,100
2/8/2022 4:22:07 PM,START,STOP,START,STOP,STOP,242.1,50,58.7,100
2/8/2022 4:22:12 PM,START,STOP,START,STOP,STOP,241.7,50,59,100
2/8/2022 4:22:17 PM,START,STOP,START,STOP,STOP,241.7,50,58.3,100
2/8/2022 4:22:22 PM,START,STOP,START,STOP,STOP,241.9,50,58.7,100
2/8/2022 4:22:27 PM,START,STOP,START,STOP,STOP,242.1,50,59.1,100
2/8/2022 4:22:32 PM,START,STOP,START,STOP,STOP,241.8,50,59.1,100
2/8/2022 4:22:37 PM,START,STOP,START,STOP,STOP,242.1,50,58.7,100
2/8/2022 4:22:42 PM,START,STOP,START,STOP,STOP,241.6,50,59.1,100
2/8/2022 4:22:47 PM,START,STOP,START,STOP,STOP,241.7,50,58.6,100
2/8/2022 4:22:52 PM,START,STOP,START,STOP,STOP,241.5,50,59,100
2/8/2022 4:22:57 PM,START,STOP,START,STOP,STOP,241.2,50,59.1,100
2/8/2022 4:23:02 PM,START,STOP,START,STOP,STOP,241.7,50,58.6,100
2/8/2022 4:23:07 PM,START,STOP,START,STOP,STOP,241.2,50,58.7,100
2/8/2022 4:23:12 PM,START,STOP,START,STOP,STOP,241.7,50,58.7,100
2/8/2022 4:23:17 PM,START,STOP,START,STOP,STOP,241.8,50,58.4,100
2/8/2022 4:23:22 PM,START,STOP,START,STOP,STOP,241.7,50,58.6,100
2/8/2022 4:23:27 PM,START,STOP,START,STOP,STOP,241.5,50,58.8,100
2/8/2022 4:23:32 PM,START,STOP,START,STOP,STOP,241.8,50,59,100
2/8/2022 4:23:37 PM,START,STOP,START,STOP,STOP,242,50,58.4,100
2/8/2022 4:23:42 PM,START,STOP,START,STOP,STOP,241.5,50,58.4,100
2/8/2022 4:23:47 PM,START,STOP,START,STOP,STOP,241.5,50,58.9,100
2/8/2022 4:23:52 PM,START,STOP,START,STOP,STOP,241.6,50,58.8,100
2/8/2022 4:23:57 PM,START,STOP,START,STOP,STOP,242,50,58.6,100
2/8/2022 4:24:02 PM,START,STOP,START,STOP,STOP,241.9,50,58.7,100
2/8/2022 4:24:07 PM,START,STOP,START,STOP,STOP,241.8,50,58.7,100
2/8/2022 4:24:12 PM,START,STOP,START,STOP,STOP,242.1,50,59.1,100
2/8/2022 4:24:17 PM,START,STOP,START,STOP,STOP,241.9,50,58.7,100
2/8/2022 4:24:22 PM,START,STOP,START,STOP,STOP,241.9,50,58.4,100
2/8/2022 4:24:27 PM,START,STOP,START,STOP,STOP,241.9,50,58.7,100
2/8/2022 4:24:32 PM,START,STOP,START,STOP,STOP,242.1,50,58.3,100
2/8/2022 4:24:37 PM,START,STOP,START,STOP,STOP,241.8,50,58.8,100
2/8/2022 4:24:42 PM,START,STOP,START,STOP,STOP,241.5,50,58.7,100
2/8/2022 4:24:47 PM,START,STOP,START,STOP,STOP,241.8,50,58.6,100
2/8/2022 4:24:52 PM,START,STOP,START,STOP,STOP,241.7,50,59,100
2/8/2022 4:24:57 PM,START,STOP,START,STOP,STOP,241.9,50,58.8,100
2/8/2022 4:25:02 PM,START,STOP,START,STOP,STOP,241.8,50,58.7,100
2/8/2022 4:25:07 PM,START,STOP,START,STOP,STOP,241.4,50,58.8,100
2/8/2022 4:25:12 PM,START,STOP,START,STOP,STOP,241.7,50,58.7,100
2/8/2022 4:25:17 PM,START,STOP,START,STOP,STOP,242,50,58.5,100
2/8/2022 4:25:22 PM,START,STOP,START,STOP,STOP,241.8,50,58.9,100
2/8/2022 4:25:27 PM,START,STOP,START,STOP,STOP,241.4,50,58.6,100
2/8/2022 4:25:32 PM,START,STOP,START,STOP,STOP,241.6,50,59.2,100
2/8/2022 4:25:37 PM,START,STOP,START,STOP,STOP,242.1,50,58.9,100
2/8/2022 4:25:42 PM,START,STOP,START,STOP,STOP,242.4,50,59.1,100
2/8/2022 4:25:47 PM,START,STOP,START,STOP,STOP,241.9,50,59,100
2/8/2022 4:25:52 PM,START,STOP,START,STOP,STOP,242.2,50,58.9,100
2/8/2022 4:25:57 PM,START,STOP,START,STOP,STOP,242.1,50,59,100
2/8/2022 4:26:02 PM,START,STOP,START,STOP,STOP,241.7,50,58.7,100
2/8/2022 4:26:07 PM,START,STOP,START,STOP,STOP,241.7,50,58.8,100
2/8/2022 4:26:12 PM,START,STOP,START,STOP,STOP,241.4,50,58.8,100
2/8/2022 4:27:30 PM,START,STOP,START,STOP,STOP,241.8,50,58.6,100
2/8/2022 4:27:35 PM,START,STOP,START,STOP,STOP,241.4,50,59.1,100
2/8/2022 4:27:40 PM,START,STOP,START,STOP,STOP,241.6,50,58.9,100
2/8/2022 4:27:45 PM,START,STOP,START,STOP,STOP,241.8,50,58.9,100
2/8/2022 4:27:50 PM,START,STOP,START,STOP,STOP,241.1,50,58.7,100
2/8/2022 4:27:55 PM,START,STOP,START,STOP,STOP,241.3,50,59.1,100
2/8/2022 4:28:00 PM,START,STOP,START,STOP,STOP,241.5,50,58.8,100
2/8/2022 4:45:15 PM,START,STOP,START,STOP,STOP,241.4,50,59.3,100
2/8/2022 4:45:20 PM,START,STOP,START,STOP,STOP,241.4,50,58.7,100
2/8/2022 4:45:25 PM,START,STOP,START,STOP,STOP,242,50,58.9,100
2/8/2022 4:45:30 PM,START,STOP,START,STOP,STOP,241.9,50,58.8,100
2/8/2022 4:45:35 PM,START,STOP,START,STOP,STOP,241.9,50,58.8,100
2/8/2022 4:52:34 PM,START,STOP,START,STOP,STOP,242.4,50,59.1,100
2/8/2022 4:52:39 PM,START,STOP,START,STOP,STOP,242.5,50,58.3,100
2/8/2022 4:52:44 PM,START,STOP,START,STOP,STOP,242.4,50,59,100
2/8/2022 4:52:49 PM,START,STOP,START,STOP,STOP,243.1,50,59.3,100
2/8/2022 4:52:54 PM,START,STOP,START,STOP,STOP,243.1,50,58.7,100
2/8/2022 4:52:59 PM,START,STOP,START,STOP,STOP,242.9,50,59.4,100
2/8/2022 4:53:04 PM,START,STOP,START,STOP,STOP,241.9,50,58.8,100
2/8/2022 4:53:09 PM,START,STOP,START,STOP,STOP,242.1,50,58.9,100
2/8/2022 4:55:11 PM,START,STOP,START,STOP,STOP,240.7,50,59.3,100
2/8/2022 4:55:16 PM,START,STOP,START,STOP,STOP,240.6,50,58.8,100
2/8/2022 4:55:21 PM,START,STOP,START,STOP,STOP,240.7,50,59.3,100
2/8/2022 4:55:26 PM,START,STOP,START,STOP,STOP,240.7,50,59.2,100
2/8/2022 4:55:31 PM,START,STOP,START,STOP,STOP,240.9,50,59.5,100
2/8/2022 4:55:36 PM,START,STOP,START,STOP,STOP,240.6,50,59.3,100
2/8/2022 4:56:40 PM,START,STOP,START,STOP,STOP,242.1,50,59.8,100
2/8/2022 4:56:45 PM,START,STOP,START,STOP,STOP,242,50,59.4,100
2/8/2022 4:56:50 PM,START,STOP,START,STOP,STOP,242.2,50,59.3,100
2/8/2022 4:56:55 PM,START,STOP,START,STOP,STOP,242.1,50,59.1,100
2/8/2022 4:57:06 PM,START,STOP,START,STOP,STOP,242.4,50,59.6,100
2/8/2022 4:57:13 PM,START,STOP,START,STOP,STOP,242.5,50,59.2,100
2/8/2022 4:59:12 PM,START,STOP,START,STOP,STOP,241.4,50,58.8,100
2/8/2022 4:59:17 PM,START,STOP,START,STOP,STOP,241.1,50,58.7,100
2/8/2022 4:59:27 PM,START,STOP,START,STOP,STOP,241.3,50,58.9,100
2/8/2022 4:59:32 PM,START,STOP,START,STOP,STOP,241.4,50,59,100
2/8/2022 4:59:37 PM,START,STOP,START,STOP,STOP,241.5,50,59,100
2/8/2022 4:59:42 PM,START,STOP,START,STOP,STOP,241.5,50,58.9,100
2/8/2022 4:59:47 PM,START,STOP,START,STOP,STOP,241.5,50,58.6,100
2/8/2022 5:01:34 PM,START,STOP,START,STOP,STOP,243.3,50,59.2,100
2/8/2022 5:04:32 PM,START,STOP,START,STOP,STOP,243.8,50,59.4,100
2/8/2022 5:04:37 PM,START,STOP,START,STOP,STOP,243.8,50,58.7,100
2/8/2022 5:04:42 PM,START,STOP,START,STOP,STOP,244.1,50,59.4,100
2/8/2022 5:04:47 PM,START,STOP,START,STOP,STOP,243.5,50,59.3,100
2/8/2022 5:04:52 PM,START,STOP,START,STOP,STOP,243.2,50,59.1,100
2/8/2022 5:04:57 PM,START,STOP,START,STOP,STOP,243.1,50,59.6,100
2/8/2022 5:05:02 PM,START,STOP,START,STOP,STOP,243.6,50,59.5,100
2/8/2022 5:05:07 PM,START,STOP,START,STOP,STOP,243.8,50,59.2,100
2/8/2022 5:05:12 PM,START,STOP,START,STOP,STOP,243.5,50,59.1,100
2/8/2022 5:05:17 PM,START,STOP,START,STOP,STOP,243.4,50,59.5,100
2/8/2022 5:05:22 PM,START,STOP,START,STOP,STOP,243.4,50,59.4,100
2/8/2022 5:05:27 PM,START,STOP,START,STOP,STOP,243.7,50,59.5,100
2/8/2022 5:05:32 PM,START,STOP,START,STOP,STOP,243.7,50,59.6,100
2/8/2022 5:05:37 PM,START,STOP,START,STOP,STOP,243.4,50,59.4,100
2/8/2022 5:05:42 PM,START,STOP,START,STOP,STOP,243.2,50,59.2,100
2/8/2022 5:05:47 PM,START,STOP,START,STOP,STOP,243.4,50,59.3,100
2/8/2022 5:05:52 PM,START,STOP,START,STOP,STOP,243.2,50,59.3,100
2/8/2022 5:05:57 PM,START,STOP,START,STOP,STOP,243.2,50,59.5,100
2/8/2022 5:06:02 PM,START,STOP,START,STOP,STOP,243.8,50,59.4,100
2/8/2022 5:06:07 PM,START,STOP,START,STOP,STOP,243.7,50,59.1,100
2/8/2022 5:06:12 PM,START,STOP,START,STOP,STOP,243.3,50,59.1,100
2/8/2022 5:06:17 PM,START,STOP,START,STOP,STOP,243.4,50,59.4,100
2/8/2022 5:06:22 PM,START,STOP,START,STOP,STOP,243.3,50,59.1,100
2/8/2022 5:06:27 PM,START,STOP,START,STOP,STOP,243.2,50,59.4,100
2/8/2022 5:06:32 PM,START,STOP,START,STOP,STOP,243.6,50,59.7,100
2/8/2022 5:06:37 PM,START,STOP,START,STOP,STOP,243.9,50,58.9,100
2/8/2022 5:06:42 PM,START,STOP,START,STOP,STOP,243.4,50,59.5,100
2/8/2022 5:06:47 PM,START,STOP,START,STOP,STOP,243.4,50,59.3,100
2/8/2022 5:06:52 PM,START,STOP,START,STOP,STOP,243.9,50,59.3,100
2/8/2022 5:06:57 PM,START,STOP,START,STOP,STOP,244.6,50,59.1,100
2/8/2022 5:07:02 PM,START,STOP,START,STOP,STOP,244.5,50,59.6,100
2/8/2022 5:07:07 PM,START,STOP,START,STOP,STOP,244.2,50,59.7,100
2/8/2022 5:07:12 PM,START,STOP,START,STOP,STOP,244.2,50,59.5,100
2/8/2022 5:07:17 PM,START,STOP,START,STOP,STOP,244.5,50,59.5,100
2/8/2022 5:07:22 PM,START,STOP,START,STOP,STOP,244.1,50,59.4,100
2/8/2022 5:07:27 PM,START,STOP,START,STOP,STOP,244,50,59.1,100
2/8/2022 5:07:32 PM,START,STOP,START,STOP,STOP,243.7,50,59.4,100
2/8/2022 5:07:37 PM,START,STOP,START,STOP,STOP,243.7,50,59.3,100
2/8/2022 5:07:42 PM,START,STOP,START,STOP,STOP,243.9,50,59.1,100
2/8/2022 5:07:47 PM,START,STOP,START,STOP,STOP,243.4,50,59.4,100
2/8/2022 5:07:52 PM,START,STOP,START,STOP,STOP,243.6,50,59.1,100
2/8/2022 5:07:57 PM,START,STOP,START,STOP,STOP,243.3,50,59.2,100
2/8/2022 5:08:02 PM,START,STOP,START,STOP,STOP,243,50,59.2,100
2/8/2022 5:08:07 PM,START,STOP,START,STOP,STOP,242.5,50,59.3,100
2/8/2022 5:08:12 PM,START,STOP,START,STOP,STOP,243.2,50,59.1,100
2/8/2022 5:08:17 PM,START,STOP,START,STOP,STOP,242.6,50,59.4,100
2/8/2022 5:08:22 PM,START,STOP,START,STOP,STOP,241.9,50,59.1,100
2/8/2022 5:08:27 PM,START,STOP,START,STOP,STOP,241.8,50,59.3,100
2/8/2022 5:08:32 PM,START,STOP,START,STOP,STOP,242.2,50,59,100
2/8/2022 5:08:37 PM,START,STOP,START,STOP,STOP,242.2,50,59.4,100
2/8/2022 5:08:42 PM,START,STOP,START,STOP,STOP,241.3,50,59.3,100
2/8/2022 5:08:47 PM,START,STOP,START,STOP,STOP,241.7,50,59.2,100
2/8/2022 5:08:52 PM,START,STOP,START,STOP,STOP,241.9,50,58.9,100
2/8/2022 5:08:57 PM,START,STOP,START,STOP,STOP,242.5,50,59.3,100
2/8/2022 5:09:02 PM,START,STOP,START,STOP,STOP,242.2,50,58.8,100
2/8/2022 5:09:07 PM,START,STOP,START,STOP,STOP,242.5,50,59.2,100
2/8/2022 5:09:12 PM,START,STOP,START,STOP,STOP,242.9,50,59.2,100
2/8/2022 5:09:17 PM,START,STOP,START,STOP,STOP,242.7,50,59.2,100
2/8/2022 5:09:22 PM,START,STOP,START,STOP,STOP,242.4,50,58.9,100
2/8/2022 5:09:42 PM,START,STOP,START,STOP,STOP,243,50,59.2,100
2/8/2022 5:09:42 PM,START,STOP,START,STOP,STOP,241.7,50,59.2,100
2/8/2022 5:09:47 PM,START,STOP,START,STOP,STOP,241.6,50,59,100
2/8/2022 5:09:52 PM,START,STOP,START,STOP,STOP,241.8,50,59.2,100
2/8/2022 5:09:57 PM,START,STOP,START,STOP,STOP,242,50,59.2,100
2/8/2022 5:10:02 PM,START,STOP,START,STOP,STOP,241.4,50,58.7,100
2/8/2022 5:10:07 PM,START,STOP,START,STOP,STOP,241.9,50,58.8,100
2/8/2022 5:10:12 PM,START,STOP,START,STOP,STOP,242.1,50,59.3,100
2/8/2022 5:10:17 PM,START,STOP,START,STOP,STOP,242.1,50,59.1,100
2/8/2022 5:10:22 PM,START,STOP,START,STOP,STOP,241.8,50,59,100
2/8/2022 5:10:27 PM,START,STOP,START,STOP,STOP,242.2,50,59,100
2/8/2022 5:10:32 PM,START,STOP,START,STOP,STOP,242.1,50,59.4,100
2/8/2022 5:10:37 PM,START,STOP,START,STOP,STOP,242.1,50,59.3,100
2/8/2022 5:10:42 PM,START,STOP,START,STOP,STOP,242,50,58.9,100
2/8/2022 5:10:47 PM,START,STOP,START,STOP,STOP,242.4,50,58.8,100
2/8/2022 5:10:52 PM,START,STOP,START,STOP,STOP,243,50,59,100
2/8/2022 5:10:57 PM,START,STOP,START,STOP,STOP,242.5,50,59,100
2/8/2022 5:11:02 PM,START,STOP,START,STOP,STOP,243.3,50,59.3,100
2/8/2022 5:11:07 PM,START,STOP,START,STOP,STOP,243.1,50,59.3,100
2/8/2022 5:11:12 PM,START,STOP,START,STOP,STOP,243.2,50,59.2,100
2/8/2022 5:11:17 PM,START,STOP,START,STOP,STOP,242.8,50,59,100
2/8/2022 5:11:22 PM,START,STOP,START,STOP,STOP,242.8,50,58.8,100
2/8/2022 5:11:27 PM,START,STOP,START,STOP,STOP,242.8,50,59.3,100
2/8/2022 5:11:32 PM,START,STOP,START,STOP,STOP,242.6,50,59.2,100
2/8/2022 5:11:37 PM,START,STOP,START,STOP,STOP,241.6,50,59.2,100
2/8/2022 5:11:42 PM,START,STOP,START,STOP,STOP,242.6,50,58.9,100
2/8/2022 5:11:47 PM,START,STOP,START,STOP,STOP,241.7,50,58.9,100
2/8/2022 5:11:52 PM,START,STOP,START,STOP,STOP,241.8,50,59,100
2/8/2022 5:11:57 PM,START,STOP,START,STOP,STOP,241.6,50,58.7,100
2/8/2022 5:12:02 PM,START,STOP,START,STOP,STOP,241.5,50,59,100
2/8/2022 5:12:07 PM,START,STOP,START,STOP,STOP,242.2,50,59,100
2/8/2022 5:12:12 PM,START,STOP,START,STOP,STOP,242.2,50,58.8,100
2/8/2022 5:12:17 PM,START,STOP,START,STOP,STOP,241.7,50,59,100
2/8/2022 5:12:22 PM,START,STOP,START,STOP,STOP,242.5,50,59.3,100
2/8/2022 5:12:27 PM,START,STOP,START,STOP,STOP,242.2,50,59.4,100
2/8/2022 5:12:32 PM,START,STOP,START,STOP,STOP,242.2,50,59,100
2/8/2022 5:12:37 PM,START,STOP,START,STOP,STOP,242.5,50,59.2,100
2/8/2022 5:12:42 PM,START,STOP,START,STOP,STOP,242.4,50,59,100
2/8/2022 5:12:47 PM,START,STOP,START,STOP,STOP,242.9,50,58.6,100
2/8/2022 5:12:52 PM,START,STOP,START,STOP,STOP,242.7,50,59.2,100
2/8/2022 5:12:57 PM,START,STOP,START,STOP,STOP,243.1,50,59.4,100
2/8/2022 5:13:02 PM,START,STOP,START,STOP,STOP,242.8,50,59,100
2/8/2022 5:13:07 PM,START,STOP,START,STOP,STOP,242.2,50,59.2,100
2/8/2022 5:13:12 PM,START,STOP,START,STOP,STOP,242.5,50,58.9,100
2/8/2022 5:13:17 PM,START,STOP,START,STOP,STOP,242.8,50,59.1,100
2/8/2022 5:13:22 PM,START,STOP,START,STOP,STOP,242.5,50,59,100
2/8/2022 5:13:27 PM,START,STOP,START,STOP,STOP,242,50,58.8,100
2/8/2022 5:13:32 PM,START,STOP,START,STOP,STOP,241.2,50,58.9,100
2/8/2022 5:13:37 PM,START,STOP,START,STOP,STOP,241.4,50,59,100
2/8/2022 5:13:42 PM,START,STOP,START,STOP,STOP,241.3,50,58.7,100
2/8/2022 5:13:47 PM,START,STOP,START,STOP,STOP,241.6,50,59.1,100
2/8/2022 5:13:52 PM,START,STOP,START,STOP,STOP,241.7,50,58.9,100
2/8/2022 5:13:57 PM,START,STOP,START,STOP,STOP,241.8,50,59.1,100
2/8/2022 5:14:02 PM,START,STOP,START,STOP,STOP,242.1,50,59,100
2/8/2022 5:14:07 PM,START,STOP,START,STOP,STOP,242.6,50,58.8,100
2/8/2022 5:14:12 PM,START,STOP,START,STOP,STOP,243,50,58.8,100
2/8/2022 5:14:17 PM,START,STOP,START,STOP,STOP,242.5,50,59,100
2/8/2022 5:14:22 PM,START,STOP,START,STOP,STOP,242.4,50,59.1,100
2/8/2022 5:14:27 PM,START,STOP,START,STOP,STOP,242.3,50,58.9,100
2/8/2022 5:14:32 PM,START,STOP,START,STOP,STOP,242.7,50,59.4,100
2/8/2022 5:14:37 PM,START,STOP,START,STOP,STOP,243.1,50,59.4,100
2/8/2022 5:14:42 PM,START,STOP,START,STOP,STOP,243.6,50,59.3,100
2/8/2022 5:14:47 PM,START,STOP,START,STOP,STOP,243.2,50,59,100
2/8/2022 5:14:52 PM,START,STOP,START,STOP,STOP,243,50,59.1,100
2/8/2022 5:14:57 PM,START,STOP,START,STOP,STOP,243.4,50,59.2,100
2/8/2022 5:15:02 PM,START,STOP,START,STOP,STOP,243.2,50,59.2,100
2/8/2022 5:15:07 PM,START,STOP,START,STOP,STOP,243,50,58.7,100
2/8/2022 5:15:12 PM,START,STOP,START,STOP,STOP,242.4,50,59.4,100
2/8/2022 5:15:17 PM,START,STOP,START,STOP,STOP,242.2,50,59.1,100
2/8/2022 5:15:22 PM,START,STOP,START,STOP,STOP,242.7,50,59.4,100
2/8/2022 5:15:27 PM,START,STOP,START,STOP,STOP,242.6,50,59.1,100
2/8/2022 5:15:32 PM,START,STOP,START,STOP,STOP,242.3,50,59,100
2/8/2022 5:15:37 PM,START,STOP,START,STOP,STOP,242.3,50,59.5,100
2/8/2022 5:15:42 PM,START,STOP,START,STOP,STOP,242.2,50,59.3,100
2/8/2022 5:15:47 PM,START,STOP,START,STOP,STOP,242.2,50,59.1,100
2/8/2022 5:15:52 PM,START,STOP,START,STOP,STOP,242.1,50,59,100
2/8/2022 5:15:57 PM,START,STOP,START,STOP,STOP,242.2,50,59.2,100
2/8/2022 5:16:02 PM,START,STOP,START,STOP,STOP,241.8,50,59,100
2/8/2022 5:16:07 PM,START,STOP,START,STOP,STOP,241.3,50,59,100
2/8/2022 5:16:12 PM,START,STOP,START,STOP,STOP,241.3,50,59,100
2/8/2022 5:17:39 PM,START,STOP,START,STOP,STOP,242.2,50,58.9,100
2/8/2022 5:17:44 PM,START,STOP,START,STOP,STOP,242.3,50,59.1,100
2/8/2022 5:17:49 PM,START,STOP,START,STOP,STOP,242.6,50,59.2,100
2/8/2022 5:17:54 PM,START,STOP,START,STOP,STOP,242.6,50,59.2,100
2/8/2022 5:17:59 PM,START,STOP,START,STOP,STOP,242.4,50,59,100
2/8/2022 5:18:04 PM,START,STOP,START,STOP,STOP,242.8,50,59,100
2/8/2022 5:18:09 PM,START,STOP,START,STOP,STOP,243,50,59.5,100
2/8/2022 5:18:14 PM,START,STOP,START,STOP,STOP,242.4,50,59.2,100
2/8/2022 5:18:19 PM,START,STOP,START,STOP,STOP,243.4,50,59.4,100
2/8/2022 5:18:24 PM,START,STOP,START,STOP,STOP,242.9,50,59,100
2/8/2022 5:18:29 PM,START,STOP,START,STOP,STOP,243.2,50,59.3,100
2/8/2022 5:18:34 PM,START,STOP,START,STOP,STOP,243.2,50,59.3,100
2/8/2022 5:18:39 PM,START,STOP,START,STOP,STOP,243.2,50,59.4,100
2/8/2022 5:18:44 PM,START,STOP,START,STOP,STOP,243.5,50,59.1,100
2/8/2022 5:18:49 PM,START,STOP,START,STOP,STOP,243.5,50,59.4,100
2/8/2022 5:18:54 PM,START,STOP,START,STOP,STOP,243,50,59.4,100
2/8/2022 5:18:59 PM,START,STOP,START,STOP,STOP,243.3,50,59.1,100
2/8/2022 5:19:04 PM,START,STOP,START,STOP,STOP,242.9,50,59.3,100
2/8/2022 5:19:09 PM,START,STOP,START,STOP,STOP,242.3,50,59.1,100
2/8/2022 5:19:14 PM,START,STOP,START,STOP,STOP,242.6,50,59.1,100
